,Mean,Linear,Median,SSA
3,11.860010158664632,3.98451787016776,11.595903324584425,4.7862819851924785
4,11.693382084637797,4.267569638694639,11.422715492137447,4.677947395018129
5,11.695652832343217,4.343080543425521,12.251905523255816,4.6956400080904395
6,11.858118419968912,4.474224685515008,11.737438244696312,4.739143241684292
10,11.795011441972148,4.753959012086179,11.919526695526697,4.860724217696116
15,11.872027954244006,4.7640797796730645,12.05151101634684,4.821269902998264
time,15.468771696090698,15.261984825134277,15.367864847183228,80.43464732170105
gap_count,7035,7035,7035,7035
count,34238,34238,34238,34238
