,Mean,Linear,Median
3,9.086490807898276,4.162227011494252,8.595718390804597
4,9.524380069477106,3.82403448275862,9.436925287356322
5,9.155619759679572,4.156609523809523,8.688114285714287
6,10.32084692757713,4.275032840722496,9.419741379310345
