,RegEM,SLinear,MLP,Poly,Akima,Spline,Pchip
3,1.8165684598524598,1.705090053904043,2.102312886244214,2.377073418161947,1.847391715497477,1.9807027875947512,1.7723150251795363
5,1.6515708875753177,1.7003093732816765,2.1084560990912875,2.783326579203851,1.9088684956032675,2.1770898590244236,1.7714784780253754
7,1.7461395755116975,1.8669316160055076,2.0650718453905847,3.51368408528651,2.1880499420191892,2.5868719633496378,1.9551745760595152
20,2.0155529662533755,2.183395810662191,2.173484114322862,7.53434969281017,3.272842316442963,4.650422176289104,2.285001892280036
30,1.7405791193372047,2.1688888319117856,2.1874215294374837,9.89435955124957,3.645414438639768,5.690394445726175,2.271478264014347
180,2.0546816620616752,2.6354394605612668,2.3221153648517356,56.527832042080306,14.577281343759353,31.137838861956283,2.8020982864294406
time,25.932381629943848,3.3719382286071777,3569.334216117859,3.4133644104003906,3.3935887813568115,4.592562913894653,3.3815419673919678
gap_count,3060,3060,3060,3060,3060,3060,3060
count,11607,11607,11607,11607,11607,11607,11607
