,SLinear,RegEM
1,2.0881521874223226,2.071296759060524
2,2.1878264005211245,2.234960078579018
3,2.17046552205472,2.222190591081275
4,2.059094839609482,2.046561770297807
5,2.0913358014342958,2.108772493600919
6,2.051351890674744,2.067862595324564
10,2.1304375765468277,2.119967007978404
15,2.111315830271458,2.088986013010871
30,2.0529982621918115,2.1594099963311244
50,2.2049038745244207,2.2091962454383895
time,14.859411001205444,640.2074766159058
gap_count,7182,7182
count,35688,35688
