,MICE,MissForest,Miceforest,KNN,IterativeImputer,MF,RegEM,MLP
7,1.776707704272267,1.6474441313676675,2.019292635658915,1.8137103210459748,1.5818605893161575,2.0572597877063847,1.679534267167389,1.8195531545388948
30,2.00707943279798,1.8003330986928123,2.141092614379087,1.9345997478866233,1.7141945558033564,2.0675043380967493,1.8659552682710627,1.9889495396134127
180,1.9963019382731177,2.040960666666667,2.2160801388888887,2.0942347456279524,1.71781426127687,2.262712233577931,2.2197025359148532,2.1913507004737243
time,597.4780929088593,538.7989721298218,321.1554853916168,10.909915685653687,5.033452033996582,441.2382781505585,10.299926042556763,764.1014857292175
gap_count,3600,3600,3600,3600,3600,3600,3600,3600
count,11844,11844,11844,11844,11844,11844,11844,11844
