,RegEM,MSSA
3,2.5616435652504648,3.2664503967351726
5,2.8324530948150453,2.107334653812677
10,4.471100573257584,4.121687781505173
15,1.8684367857826447,2.009998148669137
30,2.8651595174473585,1.3204329953964429
50,1.6946597421661784,2.2142851280745326
time,0.9321048259735107,710.6037108898163
gap_count,350,350
count,1741,1741
