,SLinear,RegEM,MLP
10,2.579073037190085,3.093512020485487,5.582279883806636
15,2.8412488888888876,3.2518172539790084,5.132310143884729
30,2.5477975918458826,3.469427538304238,4.758365344434315
50,2.7802985816993457,3.257846042067652,4.387394789515178
time,0.2548353672027588,0.952031135559082,43.368338108062744
gap_count,250,250,250
count,1093,1093,1093
