,MICE,MissForest,Miceforest,KNN,IterativeImputer,MF,RegEM,MLP
7,2.048828319153929,1.8351531366921756,2.297709715136055,2.065989359159692,1.9317447006962978,2.4473853313615974,1.9281119075029445,1.9527835217856218
30,1.8525209765806159,1.6994618216105988,2.115101936799183,1.9398826087466017,1.7724722870907157,2.2763256610961613,1.812134366040903,1.9242901528383403
180,2.150867216206359,1.9976603703703757,2.388977272727274,2.2225611957347646,2.0663130545909514,2.489817903590225,2.0247940642966733,2.3253401211659113
time,351.66203022003174,199.63640809059143,156.93786716461182,11.572304010391235,2.5864498615264893,343.9027888774872,10.394205093383789,916.2142629623413
gap_count,3960,3960,3960,3960,3960,3960,3960,3960
count,15236,15236,15236,15236,15236,15236,15236,15236
