,SLinear,RegEM,MLP
10,2.1170095238095286,2.3786569936331246,4.791351469909253
15,2.320361531986532,2.6800371874285958,5.812820042794482
30,3.2451466371494853,6.389680273785921,8.687193484357445
time,0.1114809513092041,0.5870223045349121,38.70481896400452
gap_count,510,510,510
count,2391,2391,2391
