,Linear,SLinear,RegEM
15,2.7527206842619756,2.752720684261975,2.228111297014444
time,0.757824182510376,0.7527899742126465,1.7955269813537598
gap_count,750,750,750
count,3364,3364,3364
