,RegEM,SLinear,MLP,Poly,Akima,Spline,Pchip
3,1.6595163810272295,1.585474551422027,1.723304699662004,2.1945779281140156,1.7143097762061241,1.8320063675791942,1.644610920373398
5,1.621432141360557,1.6953941476239927,1.7527433568609794,2.7368701381504734,1.9012459576694358,2.1084293536730607,1.7615908986552993
7,1.8326996707147993,1.7851286481392785,2.0100779073367616,3.5164503113498227,2.1193355354565284,2.6000824146193953,1.874270814593867
20,1.7834677139071162,2.0612889542302866,1.9976772774620983,6.766975125922709,3.0014238032104767,4.213754378650106,2.1681489583325475
30,1.7101624965990767,2.169376787868625,1.8919369619230524,10.572107567126116,3.731747303935905,6.129171774502364,2.296298157835841
180,2.0348700924086542,2.689799189381628,2.4352049564889375,55.797339997940064,16.34468671652682,29.02708255103863,2.9194383149980774
time,20.07358479499817,2.80844783782959,1045.755019903183,2.8287386894226074,2.804576873779297,3.74202299118042,2.866142988204956
gap_count,2520,2520,2520,2520,2520,2520,2520
count,9714,9714,9714,9714,9714,9714,9714
